{
  "bot_position": {
    "x": 10.710113525390625,
    "y": 0.25,
    "z": 7.5694122314453125,
    "facing": "FrontLeft"
  },
  "admins": [
    "NXLN"
  ]
}